Krefeld-Cracau, St. Elisabeth	01/01/01
Krefeld, St. Norbertus	01/01/02
Krefeld, Inrath	01/01/03
Linn	01/01/05
Meerbusch-Lank-Latum, Lank Rheinfranken	01/01/06
Krefeld-Uerdingen/Ostgoten	01/01/07
Krefeld-Forstwald	01/01/08
Krefeld-Lindenthal, Michael	01/01/09
Krefeld-Hüls, Raubritter	01/01/10
Krefeld, Kreuz-Ritter	01/01/11
Schiefbahn, St. Hubertus	01/02/01
St. Lambertus Breyell	01/02/02
Kaldenkirchen, St. Clemens	01/02/04
Viersen, St. Remigius	01/02/05
St. Sebastian, Lobberich	01/02/06
St. Vitus Oedt	01/02/07
Hinsbeck, St. Peter	01/02/08
Dülken	01/02/09
Kempen	01/02/12
Tönisvorst, St. Tönis	01/02/13
Kempen, St. Hubert	01/02/14
Willich-Wekeln, St. Katharina	01/02/15
Mönchengladbach, Scheuburg	01/03/01
Mönchengladbach, Kreuzfahrer	01/03/02
Mönchengladbach, Giesenkirchen	01/03/03
Mönchengladbach-Rheydt, Cityscouts	01/03/04
Mönchengladbach, Windberg	01/03/05
Jüchen-Bedburdyck, St. Martinus	01/03/06
Mönchengladbach, Rabenhorst	01/03/08
Mönchengladbach, Bettrath-Neuwerk	01/03/09
Mönchengladbach-Holt, Martin-Luther-King	01/03/10
Mönchengladbach-Eicken, Trotzenburg	01/03/12
Otzenrath	01/03/14
Salier Meerkamp eV	01/03/15
Hochneukirch	01/03/16
Mönchengladbach-Rheydt, Fabula	01/03/17
Gangelt, St. Nikolaus	01/04/03
Wegberg, Titus Brandsma	01/04/10
Wegberg-Dalheim	01/04/12
Erkelenz-Mitte, St. Lambertus	01/04/13
Langerwehe	01/05/01
Merzenich, St. Laurentius	01/05/03
Jülich, Franz von Sales	01/05/05
Linnich	01/05/06
Siersdorf, Kreuzritter	01/05/08
Düren-Arnoldsweiler, St. Arnold	01/05/09
Düren, Wildgänse St. Anna	01/05/15
Eschweiler-Roehe, Deutschritter	01/06/03
Dürwiss, St. Bonifatius	01/06/04
Eschweiler-Röthgen, Hohensteiner	01/06/05
Stolberg	01/06/06
Stolberg-Schevenh., Wehebachthaler	01/06/09
Stolberg-Breinig/Dorff	01/06/12
Kohlscheid I	01/06/14
Würselen, Bardenberg	01/06/16
Herzogenrath, Kämpchen-Bank	01/06/17
Wuerselen, St. Pius X	01/06/20
Alsdorf-Mariadorf, St. Marien	01/06/21
Blankenheim-Bl.dorf, Burgfalken	01/07/02
Hellenthal	01/07/03
Kall / Eifel	01/07/04
Blankenheim-Rohr	01/07/05
Simmerath-Lammersd., Maximilian Kolbe	01/07/06
Hürtgenwald-Vossenack	01/07/11
Grenzlandfalken	01/08/01
Aachen, Forster-Linde	01/08/03
Heilig Kreuz	01/08/05
Aachen-Brand, Kornelimünster	01/08/06
Aachen-Eilendorf	01/08/07
Aachen-Laurensberg, Funkenflug	01/08/08
Westwind	01/08/10
Aachen-Oberforst., Vennfüssler	01/08/11
Aachen-Innenstadt, St. Adalbert	01/08/12
Donauwörth, Mangold v. Wörth	02/01/02
Gundelfingen, Kaspar v. Westernach	02/01/03
Nördlingen, Nordilo	02/01/04
Wallerstein, Wikinger	02/01/06
Neuburg a.d.Donau	02/01/08
Aichach, Otto von Wittelsbach	02/02/01
Augsburg, Livingstone	02/02/05
Augsburg-Hochzoll, St. Exupéry	02/02/06
Augsburg-Universitätsviertel, Salomon-Idler	02/02/07
Augsburg, St. Konrad	02/02/08
Augsburg, St. Ulrich & Afra	02/02/10
Stadtbergen	02/02/12
Friedberg, Konradin	02/02/13
Augsburg-Haunst., Weiße Rose	02/02/15
Kissing, Guy de Larigaudie	02/02/16
Neusäß	02/02/18
Landsberg, M. Himmelfahrt	02/03/01
Kaufering, Roncalli	02/03/03
Kaufbeuren, St. Martin	02/04/02
Lindenberg, Tilia Monte	02/04/08
Ottobeuren, Gaugraf Silach	02/04/13
Burgau, Tilly	02/05/02
Holzheim, Las Casas	02/05/03
Ichenhausen	02/05/04
Krumbach, St. Michael	02/05/05
Oberelchingen	02/05/07
Vöhringen, Don Bosco	02/05/08
Weißenhorn, St. Franziskus	02/05/09
Obergessertshausen, St. Peter	02/05/10
St. Ludwig Nürnberg	03/01/04
Nürnberg, Maximilian Kolbe	03/01/05
Nürnberg-Laufamholz, St. Otto	03/01/06
Fürth - Mannhof, Sophie Magdalena Scholl	03/01/07
Nürnberg-Sebald, zu Unserer Lieben Frau	03/01/08
Nürnberg, St.Josef - Allerheiligen	03/01/11
Höchstadt-Hohestete	03/02/01
Bamberg, Bischof Otto	03/02/02
Uffenheim, Herz Jesu	03/02/03
Hirschaid, St. Vitus	03/02/06
Neustadt a.d.Aisch, St. Johannis	03/02/07
Bamberg, St. Josef	03/02/08
Altenkunstadt, St. Kilian	03/03/01
Lichtenfels, Andechs-Meran	03/03/02
Bad Staffelstein, Andechs-Rothenau	03/03/03
Kronach-Friesen, St. Georg	03/03/05
Bayreuth, Hl. Kreuz	03/03/08
Erlangen-Sieglitzhof, St. Theresia	03/04/01
Erlangen, St. Bonifaz	03/04/02
Uttenreuth, St. Kunigunde	03/04/03
Tennenlohe	03/04/05
Aurachtal - Herzogenaurach	03/04/06
St. Marien, Erlangen Bruck	03/04/08
Bubenreuth	03/04/09
Berlin-Pankow, St. Georg	04/00/01
Berlin-Moabit, St. Paulus	04/01/01
Berlin-Neukölln (Gropiusstadt), Dominicus	04/01/02
Berlin-Lankwitz, Don Bosco	04/01/04
Berlin-Charlottenburg, St. Ludwig, Phoenix	04/01/05
Berlin, St. Lambertus	04/01/06
Berlin-Zehlendorf, St. Otto	04/01/09
Berlin, St. Bonifatius	04/01/10
Berlin-Spandau, Anselm v. Havelberg	04/01/11
Michendorf, Impeesa	04/01/14
Berlin-Spandau, St. Markus	04/01/15
Berlin-Charlottenburg, Heilig Geist	04/01/16
Greifswald, Boddenkieker	04/02/03
Potsdam, Sanssouci	04/02/07
Neumarkt, Pfalzgraf Johann	05/01/02
Wendelstein, St. Nikolaus	05/01/04
Roßtal, Horsadal	05/01/06
Schwanstetten-Rednitzhembach	05/01/07
Eichstätt Dom	05/02/01
Weißenburg, Deutschritter	05/02/02
Pleinfeld, St. Michael	05/02/04
Treuchtlingen	05/02/05
Spalt, St. Emmeram	05/03/02
Gunzenhausen	05/03/03
Ingolstadt, Münsterritter	05/04/01
Ingolstadt, St. Pius	05/04/05
Essen-Frintrop, St. Josef	06/01/06
Essen-Schönebeck, St. Ant. Abbas	06/01/08
Essen-Frohnhausen, Dom Helder Camara	06/01/14
Essen-Beding., St. Franziskus	06/01/22
Essen-Frohnhausen, St. Augustinus	06/01/27
Duisburg-Huckin.,Marc.Callo/St. Peter und Paul	06/02/01
Duisburg-Buchh., Jud. Th./K.Martin	06/02/05
Duisburg-Großenbaum, St. Franziskus	06/02/06
Duisburg-Serm, Herz Jesu	06/02/08
Duisburg-Buchholz, Hl. Geist	06/02/10
Duisburg-Hamborn, St. Peter Marxloh	06/02/11
Duisburg-Rahm, St. Hubertus	06/02/12
Duisburg, Abtei Hamborn	06/02/14
Duisburg-Buchholz, St. Nikolaus	06/02/15
Duisburg-Fahrn, St. Georg	06/02/17
Gladbeck-Mitte, St. Johannes	06/04/01
Gladbeck-Zweckel, Herz Jesu	06/04/02
Bottrop-Eigen, St. Pius / Philippo Neri	06/04/03
Bottrop, St. Peter	06/04/04
Bottrop, Herz Jesu, St. Barbara	06/04/06
Gladbeck-Rentfort, St. Josef	06/04/10
Bottrop, Impeesa	06/04/11
Gladbeck-Ellinghorst, Elisabeth	06/04/12
Gevelsberg, St. Engelbert	06/05/01
Schwelm, St. Marien	06/05/02
Ennepetal, Herz Jesu	06/05/03
Witten-Buchholz, St. Antonius	06/05/04
Sprockhövel, St. Januarius	06/05/05
Sprockhövel-Hasslinghausen, Sankt Josef	06/05/06
DPSG Bredenscheid, St.Mariä Empfängnis	06/05/07
Hattingen-Mitte, Peter und Paul	06/05/08
Wetter-Volmarstein, St. Augustinus u. Monika	06/05/09
Hattingen-Niederbonsfeld, Isenburg	06/05/10
Hattingen - Winz-Baak, Heilig Geist	06/05/11
Hattingen-Niederwenigern, Die Wennischen	06/05/13
Janusz Korczak Wetter-Wengern e.V.	06/05/14
Gelsenkirchen-Horst, Albino Luciani	06/06/01
Gelsenkirchen-Feldmark, Kreuzritter	06/06/04
Gelsenkirchen-Schalke,Graf v.Galen	06/06/05
Gelsenkirchen-Ückendorf, Thomas Morus	06/06/06
Exodus	06/06/07
Elisabeth von Thüringen	06/06/08
Gelsenkirchen, Rochus Spiecker	06/06/09
Gelsenkirchen-Buer, Don Bosco	06/06/11
Martin Luther King	06/06/13
Gelsenkirchen, Herz Jesu, Angelo Giuseppe Roncalli	06/06/16
Halver-Schalksmühle, Don Bosco	06/07/01
Neuenrade, Steve Biko	06/07/03
Werdohl, St. Michael	06/07/04
Lüdenscheid, St. Medardus	06/07/05
Plettenberg, Alavanyo	06/07/06
Dahl/Rummenohl, Don Bosco	06/07/07
Bochum-Altenbochum, Liebfrauen	06/08/01
Bochum-Langendreer, Canchanabury	06/08/02
Bochum, Meinolphus	06/08/03
Bochum-Gerthe, St. Elisabeth	06/08/04
Bochum, Maximilian Kolbe	06/08/06
Bochum-Eppendorf, St. Theresia	06/08/07
St. Johannes Bochum-Wiemelhausen	06/08/08
St. Johannes der Täufer Wattenscheid-Leithe	06/08/10
Bochum-Harpen, A. Frank & M.-L. King	06/08/11
Bochum-Weitmar, Bärendorf	06/08/12
Bochum-Hiltrop, Geschwister Scholl	06/08/13
Bochum-Querenb, St. Augustinus	06/08/14
Bochum-Weitmar, Kardinal von Galen	06/08/16
Mülheim/Ruhr, St. Joseph	06/09/01
St. Mariae Rosenkranz	06/09/02
Mülheim a. d. R., St. Michael	06/09/03
Mülheim, St. Barbara	06/09/04
Oberhausen, Sterkrade-Mitte, St. Clemens	06/09/05
Oberhausen, U.L.F.	06/09/06
Oberhausen, Heinrich Seuse	06/09/08
Oberhausen, St. Theresia	06/09/10
Essen-Stoppenberg, St. Nikolaus	06/10/01
Essen-Steele-Freisenbruch, Sankt Altfrid	06/10/03
Essen-Huttrop und Kray/Leithe, St. Bonifatius & Barbarossa	06/10/05
Essen-Schonnebeck, St. Elisabeth	06/10/07
Essen-Relling., St. Lambertus	06/11/01
Essen-Horst, St. Joseph, Philipp Neri	06/11/02
Essen-Burgaltendorf, Vereinigte Ruhrhalbinsel	06/11/03
Essen-Stadtwald, St. Theresia, Sachsen	06/11/05
Essen-Überr., Ch. de Foucauld	06/11/06
Essen-Heisingen, St. Georg	06/11/07
Essen-Haarzopf, Tommes Rusticus	06/11/08
Mannheim, St. Bernhard	07/01/01
Hemsbach, Johanniter	07/01/02
Laudenbach, Cherusker	07/01/03
Mannheim-Neckarau, Thomas Morus	07/01/04
Weinheim-Sulzbach, Guy de Larigaudie	07/01/05
Mannheim-Friedrichsfeld, St. Bonifatius	07/01/06
Mannheim-Waldhof, St. Lioba	07/01/07
Hirschberg-Leutershausen, St. Johannes	07/01/08
Gaggenau-Bad Rotenfels, Laurentius	07/02/01
Kuppenheim, St. Sebastian	07/02/03
Baden-Baden, Hohenbaden	07/02/04
Karlsruhe, von Galen	07/02/05
Karlsruhe-Neureut, Antoine de Saint Exupery	07/02/06
Karlsruhe-Daxlanden, Guy de Larigaudie	07/02/10
Offenburg, Konradin	07/03/03
Urloffen, St. Martin	07/03/04
Bühl, St. Peter und Paul	07/03/06
Offenburg, Albert Schweitzer	07/03/09
Willstätt, Merlin	07/03/11
Sasbachwalden, Lupus	07/03/12
Rheinmünster	07/03/13
Wehr, St. Bernhard	07/05/01
Lörrach-Stetten, St. Fridolin	07/05/03
Weil am Rhein, St. Sebastian	07/05/04
Lörrach-Brombach, St. Josef	07/05/06
Dogern, St. Clemens	07/05/08
Kandern, Sankt Katharina	07/05/09
St. Michael Grenzach-Wyhlen	07/05/12
Sigmaringen, St. Fidelis	07/06/01
Rosenfeld-H-Zimmern, Adenauer	07/06/02
Hechingen, St. Martin	07/06/03
Fischingen, Dom H. Camara	07/06/04
Bingen, Martin-Luther-King	07/06/05
Melchingen	07/06/06
Pfullendorf, St. Jakobus	07/06/07
Haigerloch, Leonardo da Vinci	07/06/08
Ostrachtal, Rainbow	07/06/09
DPSG Salmendingen	07/06/10
Singen, St. Pankratius	07/07/01
Überlingen, Paul VI.	07/07/02
Mühlhausen-Ehingen, Peter und Paul	07/07/03
Steißlingen, St. Remigius	07/07/08
Radolfzell, Impeesa	07/07/09
Daisendorf, St. Martin	07/07/10
Hilzingen, Alfred Delp	07/07/12
Konstanz, Bruder Klaus	07/07/13
Markdorf, St. Nikolaus	07/07/14
Bad Dürrheim, Johanniter	07/08/01
Villingen, Ulrich v. Augs.	07/08/02
Villingen-Schwenningen; Der Wolf, der nie schläft	07/08/04
Hattingen/Baden., Maximilian Kolbe	07/08/05
Sinsheim-Rohrbach/Reihen, Dom Helder Camara	07/09/01
Nussloch, St. Laurentius	07/09/02
Plankstadt, St. Nikolaus	07/09/03
Sandhausen, Dreifaltigkeit	07/09/04
Heidelberg-Kirchheim, St. Peter	07/09/05
Heidelberg-Wiebl., St. Bartholom.	07/09/06
Neckarsteinach, St. Stephan	07/09/07
Heidelberg, St. Bonifatius	07/09/08
Ketsch, Don Bosco	07/09/09
Angelbachtal, Mahatma Gandhi	07/09/11
Bammental, Karl Leisner	07/09/12
Sr. Felicitas Heidelberg-Ziegelhausen	07/09/13
Oberhausen, Hohe Flamme	07/10/02
Bad Schönborn-Langenbrücken	07/10/03
Stutensee, Pater Kolbe	07/10/04
Waghäusel-Wiesental, St. Jodokus	07/10/05
Rheinsheim	07/10/06
Bretten, Askola	07/10/07
Bruchsal, St. Christophorus	07/10/08
Pforzheim, Arnulf	07/11/02
Pforzheim, St. Franziskus	07/11/05
Mosbach, Bernhard von Baden	07/13/02
Don Bosco, Neckarelz-Diedesheim	07/13/03
Adelsheim, Stephanus	07/13/05
Haßmersheim, St. Benedikt	07/13/06
Mosbach-Waldstadt, Maximilian Kolbe	07/13/08
Emmendingen, Markgraf Bernhard von Baden	07/14/01
Waldkirch, Konrad von Schwarzenberg	07/14/02
Gutach, St. Michael	07/14/03
Emmendingen, Petter Moen	07/14/04
Endingen, St. Franziskus	07/14/05
Glottertal	07/14/06
Freiburg-Littenweiler, Berthold II. von Zähringen	07/15/01
Freiburg, Tilly	07/15/02
Gundelfingen, Rochus Spiecker	07/15/03
Freiburg-Mitte, Guy de Larigaudie	07/15/06
Freiburg-Weing., Albino Luciani	07/15/07
Kirchzarten, St. Exupery	07/15/08
Freiburg-Opfingen, St. Nikolaus	07/15/09
Freiburg, St. Albert	07/15/13
Breisach, Graf Bernadotte	07/15/14
Bad Krozingen, David	07/15/15
Staufen, St. Martin	07/15/16
Freiburg-Vauban, Kassiopeia	07/15/18
Freiburg-St. Georgen, Betty Clay	07/15/19
Fridtjof Nansen, Titisee-Neustadt	07/15/20
Kassel-Vellmar, Folke Bernadotte	08/11/02
Hünfeld, St. Jakobus	08/11/03
Marburg, St. Michael	08/11/04
Witzenhausen, Witta	08/11/05
Fulda-Neuenberg, St. Andreas	08/11/06
Melsungen, Mariä Himmelfahrt	08/11/09
Fulda-Johannesberg, Mirjam	08/11/14
Bad Orb, St. Martin	08/14/01
Bad Soden-Salmünster-Ahl, Hl. Kreuz	08/14/03
Shalom Bruchköbel	08/14/04
Maintal, Südwind	08/14/06
Grossauheim, St. Paul	08/14/07
Nidderau-Windecken, Wartbaum	08/14/08
Rodenbach, Barbarossa	08/14/09
Wächtersbach, St. Bonifatius	08/14/10
Biebergemünd-Wirtheim, St. Jakobus	08/14/12
Niederdorfelden	08/14/13
Harsum, St. Caecilia	09/01/01
Elze, St. Petrus	09/01/02
Hildesheim-Drispenst., Impeesa	09/01/04
Diekholzen, St. Jakobus	09/01/05
Peine, Giovanni Don Bosco	09/01/06
Emmerke, St. Martinus	09/01/09
Duderstadt, St. Cyriakus	09/02/01
Seesen-Harz, Maria Königin	09/02/04
Herzberg, Sankt Josef	09/02/05
Göttingen	09/02/06
Northeim, St. Marien	09/02/07
Gieboldehausen, St. Laurentius	09/02/08
Celle, St. Ludwig	09/03/02
Helmstedt, St. Ludgeri	09/03/04
Wendeburg-Vechelde, Pastor Theo Derks	09/03/09
Braunschweig, Martin Luther King	09/03/10
Gifhorn, Fred Joseph	09/03/11
Veltheim, Hl. Kreuz	09/03/13
Braunschweig, St. Martin	09/03/15
Seevetal-Hittfeld, Thomas Morus	09/04/05
Bremen, Nordlicht	09/04/15
Buchholz, St. Petrus, Hallimasch	09/04/16
Lilienthal bei Bremen, Franziskus	09/04/18
Hameln, St. Franziskus	09/05/03
Wunstorf, St. Bonifatius	09/05/05
Wedemark, Arche Noah	09/05/07
Neustadt, St. Peter & Paul	09/05/08
Hannover-Kirchrode, Hl. Engel	09/05/10
Lehrte, Maximilian Kolbe	09/05/11
Hannover-Mühlenberg, St. Maximilian Kolbe	09/05/15
Solingen-Ohligs, von Berg	10/01/01
Wuppertal, Gallier	10/01/02
Solingen-Weeg,Sugambrer	10/01/03
Solingen, Gravenrode	10/01/04
Solingen-Wald, Silva	10/01/05
Remscheid-Lennep	10/01/06
Solingen-Löhdorf, Tenkterer	10/01/08
Solingen-Mangenberg, Gandalf	10/01/09
Langenfeld, Castanea	10/03/01
Hochdahl, Franz v. Assisi	10/03/02
Düsseldorf, Lörick	10/03/03
Düsseldorf-Gerresheim, Gerrich Margar	10/03/04
Düsseldorf-Vennhausen	10/03/06
Langenfeld-Richr., St. Martin	10/03/07
Düsseldorf-Bilk, Hohenstaufen	10/03/08
Düsseldorf-Unterrath, St. Bruno	10/03/12
Düsseldorf-Bilk, Winfried	10/03/16
Erkrath	10/03/19
Horrem, von Merode	10/04/01
Pulheim, Sankt Barbara	10/04/02
Brühl, Kurfürst	10/04/04
Reuschenberg Elsdorf	10/04/05
Königsdorf, Hildebold	10/04/06
Pulheim-Brauweiler, Bernhard von Clairvaux	10/04/07
Neubottenbroich, Glückauf	10/04/08
Sinnersdorf, Maximilian Kolbe	10/04/10
Kerpen-Mödrath, St. Quirinus	10/04/12
Erftstadt-Liblar, St. Barbara, Las Casas	10/04/13
Eisvögel	10/04/16
Rochus Spiecker Brühl - Schwadorf	10/05/01
Köln-Worringen, Gilwell	10/05/03
Köln-Sülz, Edith Stein	10/05/04
Köln-Kriel, Helder Camara	10/05/06
St. Walburga, Bornheim-Walberberg	10/05/08
Köln-Blumenberg, St. Katharina von Siena	10/05/09
Bornheim-Hersel+Widdig, St. Franziskus	10/05/10
Rumenthorp	10/05/11
Köln-Ehrenfeld, Helios	10/05/12
Philipp Neri	10/05/13
Köln-Heimersdorf, St. Markus	10/05/18
Köln-Junkersdorf / Müngersdorf, St.Pankr.	10/05/19
Neuss, Malteser	10/06/02
Dormagen-Delrath, Greifen	10/06/03
Grevenbroich-Gustorf, Deutschritter	10/06/04
Grevenbroich, St. Josef	10/06/06
Neuss-Weckhoven, Alfred Delp	10/06/09
Ratingen - West, Kizito	10/07/01
Velbert-Neviges, Hardenberg	10/07/02
Heiligenhaus	10/07/03
Mettmann	10/07/04
Wülfrath, Franken	10/07/05
Lintorf	10/07/06
Velbert, Johannes Bosco	10/07/07
Essen-Kettwig, Kattwiga	10/07/10
Siegburg, St. Anno	10/09/01
Siegburg - Kaldauen, eXodus	10/09/02
Lohmar, St. Johannes	10/09/05
Niederkassel, Roncalli	10/09/06
St. Augustin-Menden	10/09/12
Lohmar, Ichtys-Neuhonrath	10/09/20
Gummersbach, St. Felizitas	10/09/21
Euskirchen, Kreuzritter	10/10/01
Rheinbach, Antoine de Saint-Exupery	10/10/03
Meckenheim, Swabidua	10/10/04
Euskirchen-Euenheim, Carpe diem	10/10/05
Zülpich, St. Quirinus	10/10/07
Euskirchen-Stotzheim, St. Hubertus	10/10/08
Bonn-Hardtberg, St.Rochus	10/12/01
Bonn-Bad Godesb., Graf Galen	10/12/02
Bonn-Stadtmitte, Phönix	10/12/03
Bonn-Beuel, Sugambrer	10/12/04
Königswinter, Heisterbacherrott	10/13/01
Sugambrer Hennef-Warth	10/13/02
Königswinter-Ittenbach, Idubag	10/13/03
Ruppichterroth	10/13/04
Winterscheid	10/13/05
Isenburg, Schürdt-Oberlahr	10/13/06
Rheinbreitbach, Terra Nova	10/13/07
Königswinter-Stieldorf, Romero	10/13/08
Königswinter-Oberpleis	10/13/09
Neunk.-Seelscheid, Edelweiss	10/13/10
Eitorf, Shamrock	10/13/13
Waldbröl, St. Georg	10/13/15
Köln-Rath/Heumar, Johannes Bosco	10/14/01
Köln-Porz	10/14/02
Köln-Kalk, Hohenstaufen	10/14/03
Köln-Brück, Ostgoten	10/14/04
Köln-Neubrück, St. Adelheid	10/14/05
Köln-Stammheim, Gilwell	10/14/06
Köln-Ensen, St. Laurentius	10/14/07
Bensberg, Ommerborn	10/14/08
Bergisch Gladbach-Refr., Widukind	10/14/09
Leverkusen-Steinbüchel, Woodstock	10/14/10
Leverkusen-Schlebusch, Gezelin	10/14/11
Höhenberg-Vingst, Elisodor	10/14/12
Leichlingen, Wippera, St. Johannes Baptist	10/14/13
Wipperfürth	10/14/14
Frankfurt-Fechenheim, Normannen	11/01/01
Frankfurt Nord / Marcel Callo	11/01/02
Frankfurt-Rödelheim, Damian de Veuster	11/01/03
Frankfurt, Oberrad	11/01/04
Frankfurt-Heddernheim, Wikinger	11/01/05
Frankfurt-Unterliederbach, Cherusker	11/01/06
Frankfurt-Schwanheim, Don Bosco	11/01/07
Frankfurt-Niederrad, Ch. de Foucauld	11/01/08
St. Bonifatius	11/01/09
Wiesbaden-Schierstein, Thomas Morus	11/02/01
Normannen Eltville	11/02/03
Wiesbaden, Mutter Teresa	11/02/04
Idstein, St. Martin	11/02/06
Aarbergen, Paloma	11/02/16
Königstein	11/03/01
Eschborn, Regenbogen	11/03/02
Hofheim, St. Bonifatius	11/03/04
Kelkheim, Johannes Bosco	11/03/06
DPSG St. Franziskus Lorsbach-Langenhain	11/03/08
Schloßborn, Taunus-Wölfe	11/03/10
Montabaur	11/04/01
St. Rochus Simmern	11/04/02
Lahnstein-Oberlahnstein, St. Martin	11/04/03
Wirges, Katharina Kasper	11/04/06
Eitelborn, Weiße Rose	11/04/07
Weilburg, Rochus Spiecker	11/05/01
Lahntal (Dietkirchen + Dehrn)	11/05/02
Eisenbach	11/05/03
Wetzlar/Dom, Barbarossa	11/05/04
Limburg-Dom	11/05/05
Dornburg Westerw.-Frickhofen, St. Blasius	11/05/06
Tilia Hollesse (Limburg-Lindenholzhausen)	11/05/08
Rosbach, St. Johannes	12/01/01
Friedberg, St. Leonhard	12/01/02
Lauterbach/Schlitz, St. Michael	12/01/03
Sankt Marien Großen-Buseck	12/01/04
Langgöns, St. Josef	12/01/05
Nidderau-Heldenbergen, Sankt Bonifatius	12/01/06
DPSG St. Andreas Altenstadt e.V.	12/01/07
Gießen, Franz von Assisi	12/01/08
Rüsselsheim, Partner Erde	12/02/01
Mainz-Gonsenheim, St. Stephan	12/02/03
Klein-Winternheim	12/02/05
Ingelheim, Nikolaus von Flüe	12/02/07
Schwabenheim, Greifenklau	12/02/08
Budenheim, Don Bosco	12/02/09
Mainz-Finthen, Bruder Franz	12/02/10
Mainz, Don Greif	12/02/11
Rödermark-Urberach, Gralsritter	12/02/15
Dietzenbach, St. Martin	12/02/16
Wöllstein, St. Franziskus-Rheinhessische Schweiz	12/02/20
Seeheim-Jugenheim, Bonifatius	12/03/01
Seeheim-Jugenheim, Ulrich von Münzenberg	12/03/03
Breuberg-Höchst, Hl. Karl Borromäus	12/03/05
Darmstadt-Arheilgen, Arheilgen	12/03/06
Dieburg	12/03/07
Gross-Zimmern, St. Bartholomäus	12/03/08
Münster, St. Michael	12/03/11
Michelstadt / Odenwald, St. Christophorus	12/03/13
Weiterstadt, St. Johannes	12/03/14
Heppenheim, St. Peter	12/03/15
Viernheim, Folke Bernadotte	12/03/17
Lorsch, St. Nazarius	12/03/18
Bürstadt, Bruder Feuer	12/03/19
Lampertheim, Guy de Larigaudie	12/03/20
Darmstadt, Liebfrauen	12/03/23
Einhausen	12/03/25
München-Giesing, Hl. Engel	13/12/02
Garching, St. Severin	13/12/03
Mariahilf	13/12/04
München-Schwabing, Pater Rupert Mayer	13/12/06
Maximilian Kolbe	13/12/07
München-Solln, St. Ansgar	13/12/08
München-Olympiadorf, Frieden Christi	13/12/09
Swapingo	13/12/10
München-Lehel, St. Anna	13/12/12
München-Grosshadern, St. Canisius	13/12/13
Ottobrunn	13/13/02
Camilo Torres, Hohenbrunn	13/13/04
München-Riem, Galileo Galilei	13/13/05
Unterhaching, St. Birgitta	13/13/06
Neukeferloh, Columbus	13/13/07
München-Waldtrudering, Condor	13/13/08
Putzbrunn, Arche Noah	13/13/09
München-Perlach, St. Michael	13/13/12
Olching, St. Peter und Paul	13/14/01
München-Pas., St. Hildeg./M.Schutz	13/14/03
Germering, Parsberg	13/14/04
Gröbenzell, St. Johann Baptist	13/14/05
Puchheim, Bison	13/14/06
Karlsfeld, Anjo II	13/14/08
München-Neuhadern, Oscar A. Romero	13/14/09
München-Laim, St. Willibald	13/14/13
München-Westend, St. Rupert	13/14/14
Freising, St. Georg	13/15/01
Moosburg, St. Kastulus	13/15/03
Langenbach, Wolfsspur	13/15/06
Freilassing, St. Rupert	13/16/01
Mühldorf, Tilly	13/16/02
Mitterfelden, Christopherus	13/16/04
Laufen, Mariä Himmelfahrt	13/16/05
Don Bosco Polling	13/16/06
Surberg	13/16/08
Rott am Inn, Marinus	13/17/01
Kirchseeon, St. Joseph	13/17/03
Anzing/Poing, Windrose	13/17/05
Grafing, St. Sebastian	13/17/08
Hohenlinden, Impeesa	13/17/09
Kiefersfelden, Adler	13/19/01
Prutting	13/19/02
Rosenheim, St. Michael	13/19/03
Mountain Scouts Aschau	13/19/04
Degerndorf / Brannenburg, Christkönig	13/19/06
Rosenheim-Oberwöhr, St. Josef d. Arbeiter	13/19/08
Bad Aibling, St. Franziskus	13/19/10
Kolbermoor, St. Franziskus	13/19/11
Feldkirchen-Westerh., Phoenix	13/19/12
Grosskarolinenfeld, Christophorus	13/19/13
St. Quirinus Fürstätt	13/19/15
Holzkirchen, St. Laurentius	13/20/01
Baierbrunn, Ägypten	13/20/03
St. Sixtus Schliersee	13/20/05
Iffeldorf/Seeshaupt, St. Vitus	13/20/06
Benediktbeuern, Dominikus Savio	13/20/08
Bad Tölz, Eisvogel	13/20/10
Xanten, St. Viktor	14/01/01
Emmerich, Janusz Korczak	14/01/03
DPSG St. Augustinus Gaesdonck	14/01/04
Kleve-Materborn, St. Georg	14/01/06
Schermbeck, St. Ludgerus	14/01/07
Alpen, St. Ulrich	14/01/08
Sonsbeck, St.Maria Magdalena	14/01/09
Wesel-Feldmark, Herz Jesu	14/01/11
Wesel-Flüren	14/01/12
Wesel, z. d. Hl. Engeln	14/01/13
Kalkar, St. Benedikt	14/01/15
Geldern-Hartefeld	14/01/16
Weeze, St. Cyriakus	14/01/17
Hamminkeln, St. Maria Himmelfahrt	14/01/18
Geldern-Veert, St. Martin	14/01/20
Geldern, St. Maria Magdalena	14/01/21
Hamminkeln, Wertherbruch	14/01/22
Uedem	14/01/23
Geldern-Kapellen	14/01/25
Rheurdt, St. Nikolaus	14/01/27
Goch, Edelweiß	14/01/30
Vechta, Füchtel	14/02/01
Vechta, St. Georg	14/02/02
Steinfeld, v. Schagen	14/02/04
Dinklage, von Galen	14/02/05
Wilhelmshaven, Christus König	14/02/06
Lohne, St. Gertrud	14/02/07
Damme, Benedikt	14/02/08
Oldenburg, Widukind	14/02/11
Varel, Stella Maris	14/02/12
Goldenstedt-Ellenstedt, St. Heinrich	14/02/13
Barssel, St. Franziskus	14/02/16
Bakum, St. Johannes	14/02/17
Lindern, Philipp Neri	14/02/18
Rhede	14/03/01
Bocholt, St. Josef	14/03/02
Bocholt, St. Norbert	14/03/04
Bocholt, Hl. Kreuz	14/03/05
Borken, St. Remigius	14/03/06
Epe, St. Antonius	14/03/07
Velen-Ramsdorf	14/03/09
Isselburg	14/03/10
Ahaus, St. Marien	14/03/11
Stadtlohn	14/03/13
Schöppingen	14/03/16
Gescher, St. Pankratius	14/03/24
Marl-Sinsen, Vasco da Gama	14/04/01
Hillerheide	14/04/02
Dorsten, St. Johannes	14/04/05
Recklinghausen, Liebfrauen-Ost	14/04/06
St. Agatha Dorsten	14/04/09
Recklinghausen-Nord, St. Elisabeth	14/04/11
Marl- Lenkerbeck, St. Marien	14/04/12
Marl-Sickingmühle, Christ König	14/04/16
Recklinghausen-Hochlar	14/04/17
Oer-Erkenschwick	14/04/18
Dorsten-Wulfen-Barkenberg, St. Barbara	14/04/19
Bottrop-Grafenwald, Hl. Familie	14/04/20
Dorsten, St. Bonifatius	14/04/21
Waltrop	14/04/22
Saerbeck, St. Georg	14/05/02
Emsdetten, St. Pankratius	14/05/03
Burgsteinfurt, St.Johannes Nepomuk	14/05/04
Nordwalde, St. Dionysius	14/05/06
Wettringen, St. Petronilla	14/05/07
Mettingen, Tüöttenstamm	14/05/09
Greven, St. Josef	14/05/10
Ladbergen	14/05/14
Tecklenburg, St. Michael	14/05/16
Greven-Reckenfeld	14/05/17
Ostbevern, St. Ambrosius	14/06/03
Drensteinfurt	14/06/04
Warendorf	14/06/05
Ahlen/Westf.	14/06/08
Oelde, Der kleine Bach	14/06/09
Beckum, St. Stephanus	14/06/10
Ennigerloh, Enniger	14/06/11
Drensteinfurt-Rinkerode, St. Pankratius	14/06/13
Hamm-Bockum-Hövel, Impeesa-HeiligGeist	14/06/14
Sendenhorst, St. Martinus	14/06/15
Münster-Gievenbeck, St. Michael	14/07/01
Münster-Handorf, St. Petronilla	14/07/02
St. Liutger	14/07/03
Münster-Wolbeck, Don Bosco	14/07/04
Münster, Gremmendorf	14/07/06
Münster-Hiltrup, Rochus Spiecker	14/07/07
St. Anna Mecklenbeck Albachten Roxel Aaseestadt, Münster	14/07/09
Münster, St. Franziskus	14/07/12
Herz-Jesu Münster	14/07/17
Moers-Wesel, St. Josef	14/08/01
Duisburg-Homberg, Hochheide	14/08/04
Duisburg-Rheinhausen, Christus König	14/08/06
Dinslaken, St. Vincentius	14/08/07
Duisburg, St. Ludger	14/08/11
Friedrichsfeld, St. Elisabeth	14/08/12
Rheinberg, St. Anna, Phönix	14/08/13
Kamp-Lintfort, St. Marien	14/08/14
Voerde-Spellen, Sankt Peter Spellen	14/08/15
Dülmen, Heilig Kreuz	14/09/01
Nordkirchen	14/09/02
Lüdinghausen	14/09/03
Lette, St. Johannes	14/09/04
Nottuln, St. Martin	14/09/05
Selm, St. Josef	14/09/08
Senden	14/09/10
Olfen, St. Vitus	14/09/11
Coesfeld	14/09/13
Pfadwind	15/00/01
Haren, Nordlicht Altharen	15/01/02
Papenburg	15/01/04
Haselünne-Lehrte, St. Vincentius	15/01/13
Haren, Franziskus	15/01/15
Nordhorn, St. Marien	15/01/23
Melle-Gesmold, Horizonte	15/04/01
Osnabrück, Rosenkranz	15/04/02
Holzhausen-Ohrbeck	15/04/04
Oesede, Hl. Geist	15/04/07
Wallenhorst, St. Alexander	15/04/09
Neuenkirchen, St. Laurentius	15/04/10
Maximilian Kolbe Rulle	15/04/22
Dortmund-Mitte, St. Franziskus	16/01/01
Dortmund-Husen	16/01/02
Dortmund-Wambel, St. Meinolfus	16/01/03
St. Remigius Dortmund-Mengede	16/01/04
Dortmund-Lütgendortmund	16/01/06
Dortmund-Soelde, St. Marien	16/01/07
Dortmund-Huckarde, St. Urbanus	16/01/10
St. Liborius - Dortmund-Körne	16/01/11
Dortmund-Hörde, Marcel Callo	16/01/13
Dortmund-Scharnhorst, St. Franziskus	16/01/14
Dortmund-Barop (FRAXA)	16/01/15
Dortmund-Kirchlinde, St. Josef	16/01/16
Dortmund-Aplerbeck, St. Ewaldi	16/01/17
Dortmund-Brünninghausen, Hl. Familie	16/01/18
Dortmund-Lichtendorf/Sölderholz, Bonifaten 80	16/01/19
Dortmund-Berghofen	16/01/21
Dortmund-Lanstrop, St. Michael	16/01/23
Castrop-Rauxel, St. Lambertus	16/01/24
Herne, Amelungen	16/01/25
Herne-Eickel, Franziskus	16/01/26
Goten Unna	16/02/01
Hohenlimburg	16/02/02
Hagen-Boele, St. Joh. Baptist	16/02/03
Schwerte-Ost, St. Marien	16/02/04
Hagen, St. Elisabeth	16/02/06
Wittener Löwen	16/02/07
St. Urban Ende-Syburg	16/02/08
Fröndenberg-Warmen	16/02/11
Herdecke, Marcel Callo	16/02/14
Iserlohn-Nussberg, Arche	16/02/16
Witten-Bommern, Herz Jesu	16/02/18
Bad-Westernk., Franz v. Assisi	16/03/01
Möhnesee-Körbecke, St. Pankratius	16/03/02
Geseke, Marco Polo	16/03/03
Hamm-Süden	16/03/04
Lippstadt, Phönix	16/03/05
Hamm-Norden	16/03/06
Soest	16/03/07
Lippetal, Lippborg	16/03/08
Warstein, St. Petrus	16/03/11
Graf-Folke-Bernadotte Rüthen	16/03/12
Warstein-Belecke, St. Pankratius	16/03/13
Heessen-Dasbeck, Don Bosco	16/03/14
Welver, Maximilian Kolbe	16/03/15
Hamm-Berge	16/03/18
Lippetal, Oestinghausen	16/03/19
Lippstadt, Albatros Cappel	16/03/21
Neheim, St. Christopher	16/04/02
Arnsberg-Hüsten, Sankt Ludgerus	16/04/03
Herdringen, St. Antonius	16/04/04
Eslohe-Wenholthausen, St. Cäcilia	16/04/05
Arnsberg, Liebfrauen	16/04/06
Meschede-Eversberg, St. Ever.	16/04/07
Brilon, Propstei	16/04/08
Kückelheim	16/04/09
Meschede, St. Walburga	16/04/11
Siegen, St. Michael	16/05/01
Siegen, St. Peter und Paul	16/05/02
Siegen-Hüttental	16/05/03
Olpe, Vinzenz Pallotti	16/05/05
Netphen, St. Martini	16/05/06
Netphen-Dreis-Tiefenbach	16/05/07
Attendorn-Ennest, St. Margaretha	16/05/09
Wilnsdorf-Rudersdorf, St. Laurentius	16/05/10
Paderborn-Schloß Neuhaus, St. Heinrich	16/06/01
Paderborn, St. Meinolf	16/06/02
Herford, St. Johannes Baptist	16/06/03
Bielefeld, Liebfrauen	16/06/04
Nordborchen	16/06/06
Gütersloh-Spexard	16/06/07
Paderborn, Auf der Lieth, St. Hedwig	16/06/08
Lemgo	16/06/10
Detmold, Hl. Kreuz	16/06/13
Paderborn-Elsen, St. Dionysius Elsen	16/06/17
Höxter-Stadtmitte, St. Ansgar	16/08/01
St. Johannes Baptist Lüchtringen	16/08/03
Stahle, St. Anna	16/08/04
Brenkhausen, St. Johannes	16/08/05
Höxter-Ottbergen	16/08/08
Hengersberg	17/01/01
Fürstenstein-Nammering	17/01/02
Salzweg, Sophie Scholl	17/01/03
Neuötting	17/02/01
Winhöring	17/02/03
Hauzenberg	17/04/01
Freyung, St. Gunther	17/04/02
Tittling	17/04/03
Untergriesbach	17/04/04
Kirchdorf	17/05/01
Pocking	17/05/02
Pfarrkirchen	17/05/03
Vilshofen	17/05/04
Rotthalmünster, St. Sebastian	17/05/05
Frauenau	17/06/01
Grafenau	17/07/01
Speichersdorf, Kirchenlaibach	18/01/01
Kulmain	18/01/02
Mitterteich	18/01/03
Marktredwitz	18/01/04
Tirschenreuth	18/01/05
Eschenbach	18/02/01
Weiden, Thomas Morus	18/02/02
Neuhaus, Don Bosco	18/02/03
Windischeschenbach, St. Georg	18/02/08
Amberg, St. Georg	18/03/01
Ammersricht, St. Konrad	18/03/02
Schnaittenbach	18/03/05
Sulzbach-Rosenberg	18/03/06
Poppenricht-Michaelspoppenricht	18/03/07
Ensdorf	18/03/08
Puchhausen-Hüttenkofen	18/05/01
Straßkirchen, Impeesa	18/05/03
Landshut, Angelo Roncalli	18/05/04
Landshut, St. Pius	18/05/05
Viechtach	18/05/06
Landshut, St. Wolfgang	18/05/07
Hohenthann	18/05/09
Obertraubling, Trubilo	18/06/01
Regensburg-Ziegetsdorf	18/06/03
Regensburg-Kupfmühl, St. Wolfgang	18/06/04
Regensburg, St. Konrad	18/06/05
Sinzing	18/06/06
Regensburg, Herz Marien	18/06/07
Regensburg-Steinweg, Hl. Dreifaltigkeit	18/06/08
Wenzenbach	18/06/11
Regensburg-Schwabelweis	18/06/12
Hainsacker, Geschwister Scholl	18/06/14
Regensburg-Burgweinting	18/06/15
Pettendorf	18/06/16
Parsberg	18/07/02
Kelheim	18/07/03
Saal, Christ König	18/07/04
Abensberg-Offenstetten	18/07/06
Teugn	18/07/07
Stuttgart-Obertürkheim, St. Franziskus	19/01/01
Stuttgart-Möhringen, St. Hedwig	19/01/03
Stuttgart-Hofen	19/01/04
Oeffingen, Chico Mendes	19/01/05
Stuttgart-Zuffenhausen	19/01/09
Leonberg, St. Johannes d. T.	19/01/12
Esslingen, Wikinger	19/02/01
Neuhausen, Petrus & Paulus	19/02/06
Corvus Nürtingen	19/02/07
Wernau/Neckar	19/02/09
Herrenberg, St. Josef	19/03/02
Holzgerlingen	19/03/03
Eningen	19/03/04
Reutlingen-Nord	19/03/05
Tübingen	19/03/09
Frommern, St. Paulus	19/03/10
Böblingen	19/03/11
Reutlingen-Mitte	19/03/13
St. Peter & Paul Weil der Stadt	19/03/15
Reutlingen Süd	19/03/16
Kiebingen, Heilig Geist	19/03/20
Ammerbuch-Entringen	19/03/21
Hl. Kreuz Deggingen	19/04/01
Donzdorf, St. Martin	19/04/02
Donzdorf-Winzingen, St. Bernhard	19/04/05
Eislingen	19/04/06
Göppingen, St. Maria	19/04/07
Salach, St. Margaretha	19/04/08
Schwäbisch-Gmünd, Hl. Kreuz	19/04/11
Carpe Diem Ehingen	19/06/01
Biberach, Weiße Rose	19/06/02
Ravensburg, Impeesa	19/06/03
Friedrichshafen, Buchhorn	19/06/05
Laupheim, Kon - Tiki	19/06/06
Schelklingen-Hütten, Guter Hirte	19/06/07
Wolfegg, Loreto	19/06/09
Ennetach	19/06/11
Sinningen, St. Michael	19/06/12
Weingarten, Welfen	19/06/14
Balingen, Hl. Geist	19/07/01
Rottweil, J. F. Kennedy	19/07/02
Schramberg	19/07/03
Tuttlingen, Tutilo	19/07/06
Weigheim, St. Otmar	19/07/08
Aalen, Salvator	19/08/01
Bopfingen	19/08/02
Ellwangen, St. Veit	19/08/03
Giengen, St. Michael	19/08/04
Heubach, St. Bernhard	19/08/06
Herbrechtingen, Romero	19/08/08
Ulm-Nord	19/08/21
Ulm-Söflingen	19/08/23
Rammingen	19/08/24
Saint-Exupéry Ulm	19/08/25
Bietigheim-Bissingen	19/09/01
Heilbronn-Böcklingen, St. Kilian	19/09/02
Erlenbach, St. Martinus	19/09/03
Ludwigsburg-Poppenweiler, Falke	19/09/04
Kornwestheim, St. Martin	19/09/05
Ludwigsburg, Silberschwäne	19/09/06
Mühlacker, Herz-Jesu	19/09/07
St. Dionys Neckarsulm	19/09/08
Brackenheim, Theodor Heuss	19/09/09
Heilbronn, Mahatma Ghandi	19/09/11
Oedheim	19/09/12
Bad Wimpfen, Fähnlein Fieselschwein	19/09/15
Bad Mergentheim, Hoch- und Deutschmeister	19/11/01
Künzelsau	19/11/02
Öhringen, Abenteuer	19/11/03
Santiago Schrozberg	19/11/07
Ingelfingen	19/11/08
Bretzfeld Weiße Rose	19/11/09
Hauenstein, Christkönig	20/02/01
Waldfischbach-Burgalben	20/02/02
Rodalben, Sel. Bernhard	20/02/03
Kaiserslautern, Fridtjof Nansen	20/02/04
Rodalben, St. Josef	20/02/08
Zweibrücken ,Heilige Elisabeth	20/02/10
Frankenthal, St. Jakobus-Pilgerpfad	20/03/01
Otterstadt	20/03/02
Dannstadt-Schauernh., St. Michael	20/03/03
Ludwigshafen, Herz Jesu	20/03/06
Ludwigshafen-Gartenstadt, Phoenix	20/03/07
Ludwigshafen-Pfingstweide, St. Albert	20/03/08
Altrip, Rheingold	20/03/09
Ludwigshafen-Friesenheim, St. Josef	20/03/11
Bobenheim, St. Laurentius	20/03/13
Maxdorf/Birkenheide, Impeesa	20/03/14
Ludwigshafen-Oggersh., Christ König	20/03/18
St. Ingbert-Rohrbach	20/04/01
St. Ingbert, Hassel	20/04/02
Mandelbachtal/Heckendalh., St. Josef	20/04/05
St. Ingbert-Mitte	20/04/06
Homburg-Jägersb., St. Josef	20/04/07
Johanneum	20/04/10
Niederwürzbach	20/04/11
Camino Homburg	20/04/13
Edenkoben/Hainfeld, Hedin	20/05/01
Herxheim, Amundsen	20/05/02
Landau, St. Albert	20/05/03
Neustadt, Guy de Larigaudie	20/05/04
Neustadt-Lachen, Franz von Assisi	20/05/06
Winden, Marco Polo	20/05/07
Rülzheim, St. Diethardt	20/05/09
Lambrecht	20/05/10
Speyer, Dompfarrei	20/05/14
Speyer, St. Konrad	20/05/15
Kaltenengers	21/01/04
Urmitz	21/01/06
Koblenz-Castell-Niederberg	21/01/07
Koblenz-Südliche Vorstadt, St. Josef	21/01/08
Koblenz-Goldgrube, St. Franziskus	21/01/09
Koblenz-Güls, Seepfadfinder	21/01/10
Rhens, St. Theresia	21/01/11
Bassenheim, St. Martin	21/01/14
Koblenz-Asterstein	21/01/16
Münstermaifeld, Maifeld-Scouts	21/01/17
Bernkastel-Kues, Moselfranken	21/02/01
Bernkastel-Kues, Westgoten	21/02/02
Rachtig, Deutschherren	21/02/05
Kaisersesch	21/02/07
Wittlich, St. Rochus	21/02/12
Kirn-Sulzbach, St. Michael	21/03/01
Bad Kreuznach, Franziskus	21/03/03
Rheinböllen, Soonwald	21/03/04
Waldalgesheim, Alagastesheim	21/03/05
Sohren	21/03/06
St. Rupertus Bingerbrück	21/03/07
Neuwied-Oberbieber, St. Bonifatius	21/04/01
Kurtscheid	21/04/02
Neuwied-Feldkirchen, St. Michael	21/04/03
Neuwied-City	21/04/04
Rheinbrohl	21/04/06
Neuwied-Engers, St. Martin	21/04/12
Neuwied, Heimbach-Weis	21/04/13
Neuwied-Gladbach	21/04/14
Leutesdorf, Marcel Callo	21/04/17
Dudweiler, St. Bonifatius	21/05/02
Köllerbach, Herz Jesu	21/05/05
Friedrichsthal, Wikinger	21/05/06
Klarenthal, St. Bartholomäus	21/05/07
Ludweiler, Warndt-Scouts	21/05/11
Saarbrücken, Brebach	21/05/12
Roden, Graf Folke Bernadotte Saarlouis-Roden	21/06/01
Rehlingen-Siersburg, St. Nikolaus	21/06/04
Saarlouis ,Beaumarais	21/06/07
Hülzweiler, St. Laurentius	21/06/08
Illingen, St. Stephan, Die Adler	21/07/02
Hasborn	21/07/04
Neunkirchen, St. Pius	21/07/12
Kirchen, St. Michael	21/08/02
Niederfischbach	21/08/03
Betzdorf, St. Ignatius	21/08/04
Niederschelderhütte/Birken	21/08/05
Trier-Euren, Helena/Tempelherren	21/09/02
Trier-Pfalzel, Pankratius	21/09/03
Saarburg-Beurig, St. Franziskus	21/09/06
Trier-Heiligkreuz, Santa Cruz	21/09/10
Föhren, Don Bosco	21/09/13
Adenau	21/10/01
Grafschaft Ringen, G. Galilei	21/10/03
Andernach, St. Michael	21/10/04
Balu Hillesheim	21/10/05
Weißenthurm/Kettig, Feuer und Flamme	21/10/06
Kruft, Dionysius	21/10/07
Saffig Pellenzbande	21/10/10
Andernach, Am Nastberg Eich	21/10/11
Aschaffenburg-Innenstadt, Johannisburg	22/01/01
Mainaschaff, Ascapha	22/01/02
Stockstadt, Mauritius	22/01/03
Aschaffenburg-Gailbach, Guy de Larigaudie e.V.	22/01/04
Großwallstadt, Impeesa	22/01/05
Aschaffenburg/Schweinheim	22/01/08
Heimbuchenthal, Schwarzkittel	22/01/09
Albstadt	22/01/10
Mönchberg, Aubachtal	22/01/11
Elsenfeld, Germania	22/01/12
Alzenau	22/01/13
Großostheim	22/01/14
Würzburg-Lengfeld, St. Burkard	22/03/04
Würzburg-Sanderau, Fred Joseph	22/03/05
Würzburg-Heidingsfeld, Tilly	22/03/06
Würzburg-Rottenbauer, Wolfskeel	22/03/07
Würzburg-Frauenland, Greiffenclau	22/03/09
Gerolzhofen, Gralsritter	22/05/01
Euerbach, St. Michael	22/05/03
Schweinfurt, Tokwon	22/05/04
Niederwerrn, von Münster	22/05/05
Mellrichstadt, Martin Pollich	22/05/06
Ostheim	22/05/08
Haßfurt, Lichtenstein	22/05/09
Münnerstadt, Kreuzritter	22/05/12
Bad Kissingen, Henneberg	22/05/13
Nordheim/Rhön	22/05/15
Stockheim	22/05/16
Oberelsbach, Buchonia	22/05/18
Lohr-Sackenbach, Bonifatius	22/08/02
Roncalli Partenstein	22/08/03
Lohr-Sendelbach, St. Josef	22/08/06
Randersacker, St. Stephanus	22/10/01
Ochsenfurt, Konradin	22/10/02
Rimpar,Tilman Riemenschneider	22/10/05
Reichenberg/Hattenhausen	22/10/06
Stadtschwarzach	22/10/09
Leinach, Kardinal Döpfner	22/10/11
Eisingen, St. Nikolaus	22/10/12
Wertheim	22/10/13
Magdeburg, Unser lieben Frauen	31/11/02
Sangerhausen-Altstadt, St. Jutta	31/15/01
Badersleben, Sankt Martin e.V.	31/16/01
Blankenburg, St. Josef	31/16/02
Halle (Saale), Phönix	31/17/05
Drachentöter Dresden	31/19/02
Leipzig, Tilia	31/19/03
Jena, St. Michael	32/00/01
Uder, St. Jakobus	32/60/03
Heiligenstadt, St. Aegidien	32/60/04
Erfurt, St. Elisabeth	32/60/08
Weimar, Marcel Callo	32/60/09
Niederorschel, St. Marien	32/60/13
Hamburg-Eimsbüttel, Wilder Weiher	33/00/02
Hamburg-Rahlstedt, Mutter Teresa	33/02/01
Hamburg-Hamm, Charles de Foucauld	33/02/02
Hamburg-Farmsen, St. Ansgar	33/02/03
Hamburg-Blankenese, Jacques Marquette	33/02/04
Hamburg-Harburg, Kardinal Graf v. Galen	33/02/05
Hamburg-Neugraben, Störtebeker	33/02/06
Hamburg-Poppenbüttel, Don Bosco	33/02/08
Hamburg-Volksdorf, St. Martin	33/02/10
Ahrensburg, Camilo Torres	33/02/12
Norderstedt, St. Hedwig	33/02/13
Hamburg-Altona, Große Freiheit	33/02/15
Hamburg-Eidelstedt, Santa Lucia	33/02/17
Lübeck, Johannes Prassek	33/03/03
Rendsburg, Stern des Nordens	33/03/04
Bargteheide, Nepomuk	33/03/05
Digna Ochoa Quickborn	33/03/06
Nelson Mandela Halstenbek/Pinneberg	33/03/07
Itzehoe, Geschwister Scholl	33/03/09
